Laptop Name,Link,Image
,,
Asus ROG Laptop - Amazon.in,https://www.amazon.in/Asus-ROG-Laptop/s?k=Asus+ROG+Laptop,images/Asus ROG Laptop  Amazonin.jpg
,,
Top 10 Asus Gaming Laptops - Buy at Low Price in India | Flipkart.com,"https://www.flipkart.com/laptops/~asus-gaming-laptops-india/pr?sid=6bo,b5g",images/Top 10 Asus Gaming Laptops  Buy at Low Price in India  Flipkartcom.jpg
,,
"ASUS ROG Zephyrus Duo 16 (2022) Dual Screen Laptop, 16 ...",https://www.amazon.in/ASUS-Zephyrus-RTX-3060-Windows-GX650RM-LS019WS/dp/B0B5S7RWQT,images/ASUS ROG Zephyrus Duo 16 2022 Dual Screen Laptop 16 .jpg
,,
"ASUS ROG Zephyrus Duo 16 (2022) Dual Screen Laptop, 16 ...",https://www.amazon.in/ASUS-Zephyrus-Screen-Laptop-GX650RXZ-LO227WS/dp/B0B5S517K5,images/ASUS ROG Zephyrus Duo 16 2022 Dual Screen Laptop 16 .jpg
,,
"ASUS ROG Zephyrus Duo 16 Dual Screen Laptop, 16"" (40.64 cm ...",https://www.amazon.in/ASUS-Zephyrus-Screen-Laptop-GX650RXZ-LB226WS/dp/B0B5S2ZJ8H,images/ASUS ROG Zephyrus Duo 16 Dual Screen Laptop 16 4064 cm .jpg
,,
ASUS ROG Strix G Core i5 9300H 9th Gen - (8 GB/1 TB HDD/256 ...,https://www.flipkart.com/asus-rog-strix-g-core-i5-9th-gen-8-gb-1-tb-hdd-256-gb-ssd-windows-10-home-4-graphics-nvidia-geforce-gtx-1650-60-hz-g531gt-bq024t-gaming-laptop/p/itmfg9yrrazqt7dk?pid=COMFG9YREHZ9VBKH&lid=LSTCOMFG9YREHZ9VBKH8WVPW9&marketplace=FLIPKART&srno=b_1_15&otracker=clp_banner_2_3.bannerX3.BANNER_laptopsanddesktops-tbbd-store_N1E59WCSJNNV&fm=neo%2Fmerchandising&iid=c16ed43b-fb40-4cfc-8078-6f0c7a3ab3dc.COMFG9YREHZ9VBKH.SEARCH&ppt=browse&ppn=browse&ssid=cbmtybtzu80000001602807050034,images/ASUS ROG Strix G Core i5 9300H 9th Gen  8 GB1 TB HDD256 .jpg
,,
"ASUS ROG Zephyrus Duo 16 (2023) Dual Screen Laptop, 16 ...",https://www.amazon.in/ASUS-Zephyrus-RTX-4090-Windows-GX650PY-NM052WS/dp/B0BY31M1T6,images/ASUS ROG Zephyrus Duo 16 2023 Dual Screen Laptop 16 .jpg
,,
ASUS ROG Strix Scar III G531GW-AZ113T Laptop with ROG ...,https://www.amazon.in/ASUS-G531GW-AZ113T-BP1501G-15-6-inch-Backpack/dp/B08S6QYT3M,images/ASUS ROG Strix Scar III G531GWAZ113T Laptop with ROG .jpg
,,
"ASUS ROG Zephyrus Duo 16 (2022) Dual Screen Laptop, 16 ...",https://www.amazon.in/ASUS-Zephyrus-Screen-Laptop-GX650RXZ-LS228WS/dp/B0B5S75KGL,images/ASUS ROG Zephyrus Duo 16 2022 Dual Screen Laptop 16 .jpg
,,
"2022 ASUS ROG Zephyrus G15 15.6"" 165Hz QHD (2560x1440 ...",https://www.amazon.in/ASUS-Zephyrus-2560x1440-GeForce-Pantone/dp/B0B6SKX54Z,images/2022 ASUS ROG Zephyrus G15 156 165Hz QHD 2560x1440 .jpg
